{"cameraMode":{"drawMode":0,"name":"Shaded","section":"Shading Mode"},"sceneLighting":true,"audioPlay":false,"sceneViewState":{"m_AlwaysRefresh":false,"showFog":true,"showSkybox":true,"showFlares":true,"showImageEffects":true,"showParticleSystems":true,"showVisualEffectGraphs":true,"m_FxEnabled":true},"in2DMode":false,"pivot":{"x":39.043888092041019,"y":54.09047317504883,"z":57.40101623535156},"rotation":{"x":-0.10585160553455353,"y":0.11813879758119583,"z":-0.012666613794863224,"w":-0.9872611165046692},"size":69.42882537841797,"orthographic":false}