{"cameraMode":{"drawMode":0,"name":"Shaded","section":"Shading Mode"},"sceneLighting":true,"audioPlay":false,"sceneViewState":{"m_AlwaysRefresh":false,"showFog":true,"showSkybox":true,"showFlares":true,"showImageEffects":true,"showParticleSystems":true,"showVisualEffectGraphs":true,"m_FxEnabled":true},"in2DMode":false,"pivot":{"x":6.3673014640808109,"y":-10.051734924316407,"z":41.97426986694336},"rotation":{"x":0.14910949766635896,"y":-0.09152223914861679,"z":0.013840263709425927,"w":0.9845089316368103},"size":22.656147003173829,"orthographic":false}