{"cameraMode":{"drawMode":0,"name":"Shaded","section":"Shading Mode"},"sceneLighting":true,"audioPlay":false,"sceneViewState":{"m_AlwaysRefresh":false,"showFog":true,"showSkybox":true,"showFlares":true,"showImageEffects":true,"showParticleSystems":true,"showVisualEffectGraphs":true,"m_FxEnabled":true},"in2DMode":false,"pivot":{"x":18.83135986328125,"y":-1.1656148433685303,"z":15.551229476928711},"rotation":{"x":0.10725591331720352,"y":0.46654096245765688,"z":-0.05710723623633385,"w":0.876128613948822},"size":5.244022846221924,"orthographic":false}