{"cameraMode":{"drawMode":0,"name":"Shaded","section":"Shading Mode"},"sceneLighting":true,"audioPlay":false,"sceneViewState":{"showFog":true,"showMaterialUpdate":false,"showSkybox":true,"showFlares":true,"showImageEffects":true,"showParticleSystems":true},"in2DMode":false,"pivot":{"x":5.823415279388428,"y":-2.9050049781799318,"z":9.5579833984375},"rotation":{"x":0.046937987208366397,"y":0.9424974322319031,"z":-0.14998219907283784,"w":0.29496094584465029},"size":22.617460250854493,"orthographic":false}