{"cameraMode":{"drawMode":0,"name":"Shaded","section":"Shading Mode"},"sceneLighting":true,"audioPlay":false,"sceneViewState":{"showFog":true,"showMaterialUpdate":false,"showSkybox":true,"showFlares":true,"showImageEffects":true,"showParticleSystems":true},"in2DMode":false,"pivot":{"x":16.69654083251953,"y":-2.162234306335449,"z":18.309999465942384},"rotation":{"x":0.06224914640188217,"y":0.9141932725906372,"z":-0.15392647683620454,"w":0.3697073757648468},"size":20.71148681640625,"orthographic":false}