{"cameraMode":{"drawMode":0,"name":"Shaded","section":"Shading Mode"},"sceneLighting":true,"audioPlay":false,"sceneViewState":{"showFog":true,"showMaterialUpdate":false,"showSkybox":true,"showFlares":true,"showImageEffects":true,"showParticleSystems":true},"in2DMode":false,"pivot":{"x":4.543412208557129,"y":-0.6983286142349243,"z":1.057873010635376},"rotation":{"x":0.16411851346492768,"y":0.7922781705856323,"z":-0.24300682544708253,"w":0.5350775718688965},"size":3.634732723236084,"orthographic":false}